{
  "version": "1.1.0",
  "diagrams": [
    {
      "ordinal": 0,
      "scrollPosition": {
        "x": 0,
        "y": 0
      },
      "nodes": [
        {
          "location": {
            "x": 679,
            "y": 638
          },
          "nodeIndex": "dim_delegacion_gold",
          "nodeLineageTag": "1c6859a0-dc3b-4b0e-9d6e-7a276044984e",
          "size": {
            "height": 128,
            "width": 234
          },
          "zIndex": 2
        },
        {
          "location": {
            "x": 616,
            "y": 0
          },
          "nodeIndex": "dim_modelo_gold",
          "nodeLineageTag": "c316b058-2cb1-48b9-a2a6-bb92acd6a692",
          "size": {
            "height": 104,
            "width": 234
          },
          "zIndex": 3,
          "expandedHeight": 128
        },
        {
          "location": {
            "x": 0,
            "y": 0
          },
          "nodeIndex": "dim_tipo_consulta_gold",
          "nodeLineageTag": "0b97576a-0ef0-46e8-aa3a-2c58eef7a1b9",
          "size": {
            "height": 104,
            "width": 234
          },
          "zIndex": 4,
          "expandedHeight": 128
        },
        {
          "location": {
            "x": 0,
            "y": 766.0556462403099
          },
          "nodeIndex": "dim_tipo_usuario_gold",
          "nodeLineageTag": "4bf39416-fcb4-44c6-8f25-4aae170319ae",
          "size": {
            "height": 128,
            "width": 234
          },
          "zIndex": 7
        },
        {
          "location": {
            "x": 322,
            "y": 661
          },
          "nodeIndex": "dim_usuario_gold",
          "nodeLineageTag": "c0d6cd81-d923-49e3-9dc5-12f97bbfa0b6",
          "size": {
            "height": 200,
            "width": 234
          },
          "zIndex": 5
        },
        {
          "location": {
            "x": 319,
            "y": 194
          },
          "nodeIndex": "fact_chats_gold",
          "nodeLineageTag": "d7d781e4-3579-4566-aec8-0b4a29998806",
          "size": {
            "height": 224,
            "width": 234
          },
          "zIndex": 6,
          "expandedHeight": 300
        },
        {
          "location": {
            "x": 1044.8383086654635,
            "y": 79.688103471331445
          },
          "nodeIndex": "Calendario",
          "nodeLineageTag": "332640f6-0776-41be-8d69-d4e4f9242d49",
          "size": {
            "height": 200,
            "width": 234
          },
          "zIndex": 0
        },
        {
          "location": {
            "x": 2272,
            "y": 329.5
          },
          "nodeIndex": "AA-Medidas Gasto",
          "nodeLineageTag": "eab6a072-190d-4d85-b306-6d9c3c834249",
          "size": {
            "height": 104,
            "width": 234
          },
          "zIndex": 0
        },
        {
          "location": {
            "x": 2556,
            "y": 329.5
          },
          "nodeIndex": "AA-Medidas Rendimiento",
          "nodeLineageTag": "64b746b6-caa8-4505-89b7-093fa95da0b4",
          "size": {
            "height": 104,
            "width": 234
          },
          "zIndex": 0
        },
        {
          "location": {
            "x": 2840,
            "y": 329.5
          },
          "nodeIndex": "AA-Medidas Uso",
          "nodeLineageTag": "321e3aa9-13ee-4d0f-bf33-c45a31a37b6f",
          "size": {
            "height": 104,
            "width": 234
          },
          "zIndex": 0
        },
        {
          "location": {
            "x": 0,
            "y": 203.93044219961268
          },
          "nodeIndex": "dim_validacion_gold",
          "nodeLineageTag": "019b9eec-e789-4f10-ad82-d36bf69a9ba8",
          "size": {
            "height": 104,
            "width": 234
          },
          "zIndex": 0,
          "expandedHeight": 128
        },
        {
          "location": {
            "x": 1027.4132890570734,
            "y": 424.8008069353113
          },
          "nodeIndex": "dim_sub_tema_sql_gold",
          "nodeLineageTag": "b03322fe-5720-4482-a1c0-87da39cf2268",
          "size": {
            "height": 128,
            "width": 234
          },
          "zIndex": 0
        },
        {
          "location": {
            "x": 633.77863485968874,
            "y": 399.34677456562412
          },
          "nodeIndex": "fact_resgitro_subtemas_gold",
          "nodeLineageTag": "19c91e50-d06e-421b-9edc-37125898dfa0",
          "size": {
            "height": 152,
            "width": 234
          },
          "zIndex": 0
        },
        {
          "location": {
            "x": 0,
            "y": 390.37459127039654
          },
          "nodeIndex": "fact_nlp_gold",
          "nodeLineageTag": "4e260e8f-34c5-44c7-823f-fe4028afd610",
          "size": {
            "height": 300,
            "width": 234
          },
          "zIndex": 0
        }
      ],
      "name": "Todas las tablas",
      "zoomValue": 89.192590520569468,
      "pinKeyFieldsToTop": false,
      "showExtraHeaderInfo": false,
      "hideKeyFieldsWhenCollapsed": false,
      "tablesLocked": false
    }
  ],
  "selectedDiagram": "Todas las tablas",
  "defaultDiagram": "Todas las tablas"
}