{
  "version": "1.1.0",
  "diagrams": [
    {
      "ordinal": 0,
      "scrollPosition": {
        "x": 0,
        "y": 100
      },
      "nodes": [
        {
          "location": {
            "x": 0,
            "y": 292.88776839064622
          },
          "nodeIndex": "AltasBajasClientes",
          "nodeLineageTag": "555619d6-8fab-4636-864a-7fbb20a3cc7b",
          "size": {
            "height": 300,
            "width": 234
          },
          "zIndex": 5
        },
        {
          "location": {
            "x": 426.68871561128822,
            "y": 0
          },
          "nodeIndex": "Clientes",
          "nodeLineageTag": "f21e98b4-f763-491b-9219-b8d0688c2992",
          "size": {
            "height": 152,
            "width": 234
          },
          "zIndex": 6
        },
        {
          "location": {
            "x": 425.62223433270083,
            "y": 433.75695026066262
          },
          "nodeIndex": "PymesAAFF",
          "nodeLineageTag": "2c034bf3-377d-45f5-9aa9-ed50cba3c088",
          "size": {
            "height": 128,
            "width": 234
          },
          "zIndex": 7
        },
        {
          "location": {
            "x": 421,
            "y": 214.00878020625578
          },
          "nodeIndex": "SectorCliente",
          "nodeLineageTag": "5afa6339-b551-4595-abff-47f2a22d9947",
          "size": {
            "height": 128,
            "width": 234
          },
          "zIndex": 10
        },
        {
          "location": {
            "x": 431.62223433270083,
            "y": 787.75695026066262
          },
          "nodeIndex": "TipoEmpleados",
          "nodeLineageTag": "8a708a1f-6aed-4b40-be7b-c4c00b210eb3",
          "size": {
            "height": 128,
            "width": 234
          },
          "zIndex": 8
        },
        {
          "location": {
            "x": 427.00452306428747,
            "y": 606.51390052132513
          },
          "nodeIndex": "TipoMovimiento",
          "nodeLineageTag": "20d5bf4a-0fdd-4810-964c-ac9a600e6ab9",
          "size": {
            "height": 128,
            "width": 234
          },
          "zIndex": 9
        },
        {
          "location": {
            "x": 1129.5323091429823,
            "y": 87.639441355310282
          },
          "nodeIndex": "AA-Medidas",
          "nodeLineageTag": "9a4f278b-51ee-4065-a6a1-84fbc537817c",
          "size": {
            "height": 104,
            "width": 234
          },
          "zIndex": 1
        },
        {
          "location": {
            "x": 1129.5323091429823,
            "y": 377.63944135531028
          },
          "nodeIndex": "Calendario",
          "nodeLineageTag": "e78e5e0d-b504-4cef-9358-ac3684ddeb22",
          "size": {
            "height": 200,
            "width": 234
          },
          "zIndex": 2
        },
        {
          "location": {
            "x": 436.53230914298229,
            "y": 976.03943525179466
          },
          "nodeIndex": "TablaFechas",
          "nodeLineageTag": "acb26ce8-c9a1-4e31-87ee-649f15f70c52",
          "size": {
            "height": 200,
            "width": 234
          },
          "zIndex": 3
        },
        {
          "location": {
            "x": 1130.5323091429823,
            "y": 230.81972067765514
          },
          "nodeIndex": "AA-Medidas2",
          "nodeLineageTag": "2dc19149-25ce-4e39-ab7e-2230d756e567",
          "size": {
            "height": 104,
            "width": 234
          },
          "zIndex": 11
        },
        {
          "location": {
            "x": 437.53230914298229,
            "y": 1199.8197206776551
          },
          "nodeIndex": "Servicio",
          "nodeLineageTag": "065a11c9-705c-446f-b9d7-3ef17d1e6fee",
          "size": {
            "height": 128,
            "width": 234
          },
          "zIndex": 4
        }
      ],
      "name": "Todas las tablas",
      "zoomValue": 100,
      "pinKeyFieldsToTop": false,
      "showExtraHeaderInfo": false,
      "hideKeyFieldsWhenCollapsed": false,
      "tablesLocked": false
    }
  ],
  "selectedDiagram": "Todas las tablas",
  "defaultDiagram": "Todas las tablas"
}